map.area,utm.x,utm.y,ad2,n,trip.counts,t_eg,ti_ban,ti_lub,ti_mal,ti_mok,ti_ria,ti_ure,pop,year
12,468941.274440845,416999.623012278,Peri,0,0,0,0,0,0,0,0,0,1,2015
12,468941.274440845,416999.623012278,Peri,0,0,0,0,0,0,0,0,0,1,2016
12,468941.274440845,416999.623012278,Peri,2,0,0,0,0,0,0,0,0,1,2017
12,468941.274440845,416999.623012278,Peri,3,1,0,0,0,1,0,0,0,3,2018
13,469939.852132503,416999.307403873,Peri,12,4,4,0,0,0,0,0,0,69,2015
13,469939.852132503,416999.307403873,Peri,5,1,1,0,0,0,0,0,0,69,2016
13,469939.852132503,416999.307403873,Peri,11,0,0,0,0,0,0,0,0,69,2017
13,469939.852132503,416999.307403873,Peri,7,3,1,1,0,2,0,0,0,40,2018
14,464946.595824045,416006.909378896,Peri,13,3,2,0,1,0,0,0,0,59,2015
14,464946.595824045,416006.909378896,Peri,10,4,1,0,3,0,0,0,0,59,2016
14,464946.595824045,416006.909378896,Peri,2,1,0,0,0,0,0,1,0,59,2017
14,464946.595824045,416006.909378896,Peri,9,1,0,0,0,1,0,0,0,65,2018
16,466943.777282451,416006.207603887,Peri,0,0,0,0,0,0,0,0,0,47,2015
16,466943.777282451,416006.207603887,Peri,4,0,0,0,0,0,0,0,0,47,2016
16,466943.777282451,416006.207603887,Peri,1,0,0,0,0,0,0,0,0,47,2017
16,466943.777282451,416006.207603887,Peri,5,0,0,0,0,0,0,0,0,48,2018
18,468940.955507491,416005.547012179,Peri,48,7,7,0,0,0,0,0,0,245,2015
18,468940.955507491,416005.547012179,Peri,19,8,6,0,2,0,0,0,0,245,2016
18,468940.955507491,416005.547012179,Peri,16,4,4,0,0,0,0,0,0,245,2017
18,468940.955507491,416005.547012179,Peri,70,9,4,1,1,4,0,0,0,243,2018
19,469939.54346587,416005.232120581,Peri,8,0,0,0,0,0,0,0,0,39,2015
19,469939.54346587,416005.232120581,Peri,4,0,0,0,0,0,0,0,0,39,2016
19,469939.54346587,416005.232120581,Peri,9,1,1,0,0,0,0,0,0,39,2017
19,469939.54346587,416005.232120581,Peri,7,0,0,0,0,0,0,0,0,43,2018
24,475931.05654098,416003.55902887,Malabo,26,8,8,0,0,0,0,0,0,691,2015
24,475931.05654098,416003.55902887,Malabo,45,15,15,0,0,0,0,0,0,691,2016
24,475931.05654098,416003.55902887,Malabo,27,3,1,0,2,0,0,0,0,691,2017
24,475931.05654098,416003.55902887,Malabo,31,10,9,0,0,1,0,0,0,609,2018
25,476929.639841107,416003.316195561,Malabo,278,50,40,3,5,0,1,1,0,3185,2015
25,476929.639841107,416003.316195561,Malabo,232,41,26,9,2,2,0,1,1,3185,2016
25,476929.639841107,416003.316195561,Malabo,195,17,10,2,2,0,1,2,0,3185,2017
25,476929.639841107,416003.316195561,Malabo,250,38,16,15,2,9,2,1,0,2666,2018
26,477928.222549386,416003.083653864,Malabo,310,39,15,16,8,0,0,0,0,3384,2015
26,477928.222549386,416003.083653864,Malabo,308,57,39,6,9,0,3,0,0,3384,2016
26,477928.222549386,416003.083653864,Malabo,264,39,17,12,8,1,1,0,0,3384,2017
26,477928.222549386,416003.083653864,Malabo,290,47,18,16,1,13,2,0,0,2770,2018
40,468940.637332486,415011.471203893,Peri,17,1,1,0,0,0,0,0,0,43,2015
40,468940.637332486,415011.471203893,Peri,4,0,0,0,0,0,0,0,0,43,2016
40,468940.637332486,415011.471203893,Peri,2,0,0,0,0,0,0,0,0,43,2017
40,468940.637332486,415011.471203893,Peri,9,2,2,0,0,0,0,0,0,27,2018
41,469939.235482504,415011.157103891,Peri,6,1,1,0,0,0,0,0,0,47,2015
41,469939.235482504,415011.157103891,Peri,8,3,3,0,0,0,0,0,0,47,2016
41,469939.235482504,415011.157103891,Peri,1,0,0,0,0,0,0,0,0,47,2017
41,469939.235482504,415011.157103891,Peri,1,0,0,0,0,0,0,0,0,64,2018
42,470937.832949264,415010.85325388,Malabo,6,1,1,0,0,0,0,0,0,247,2015
42,470937.832949264,415010.85325388,Malabo,10,4,4,0,0,0,0,0,0,247,2016
42,470937.832949264,415010.85325388,Malabo,12,2,2,0,0,0,0,0,0,247,2017
42,470937.832949264,415010.85325388,Malabo,17,1,0,0,0,0,1,1,0,266,2018
43,471936.42969091,415010.559678883,Malabo,12,3,3,0,0,0,0,0,0,302,2015
43,471936.42969091,415010.559678883,Malabo,38,8,8,0,0,0,0,0,0,302,2016
43,471936.42969091,415010.559678883,Malabo,24,9,9,0,0,0,0,0,0,302,2017
43,471936.42969091,415010.559678883,Malabo,20,1,0,0,0,1,0,0,0,317,2018
44,472935.025749299,415010.276353878,Malabo,19,3,3,0,0,0,0,0,0,545,2015
44,472935.025749299,415010.276353878,Malabo,19,2,2,0,0,0,0,0,0,545,2016
44,472935.025749299,415010.276353878,Malabo,30,6,5,0,1,0,0,0,0,545,2017
44,472935.025749299,415010.276353878,Malabo,31,1,1,0,0,0,0,0,0,478,2018
45,473933.62111594,415010.003270586,Malabo,45,15,15,0,0,0,0,0,0,841,2015
45,473933.62111594,415010.003270586,Malabo,39,11,11,0,0,0,0,0,0,841,2016
45,473933.62111594,415010.003270586,Malabo,45,3,3,0,0,0,0,0,0,841,2017
45,473933.62111594,415010.003270586,Malabo,53,4,2,1,0,2,1,0,0,756,2018
46,474932.215840963,415009.74047888,Malabo,280,58,48,8,1,1,0,0,0,3237,2015
46,474932.215840963,415009.74047888,Malabo,271,54,42,3,6,0,2,1,0,3237,2016
46,474932.215840963,415009.74047888,Malabo,256,37,31,2,1,1,1,1,0,3237,2017
46,474932.215840963,415009.74047888,Malabo,371,64,49,2,1,15,0,0,0,2708,2018
47,475930.809957723,415009.487978871,Malabo,884,222,202,8,9,0,0,3,0,11034,2015
47,475930.809957723,415009.487978871,Malabo,802,151,134,6,9,0,1,1,0,11034,2016
47,475930.809957723,415009.487978871,Malabo,538,98,70,12,12,1,0,3,0,11034,2017
47,475930.809957723,415009.487978871,Malabo,827,150,87,17,5,45,2,1,0,9718,2018
48,476929.403474365,415009.245695578,Malabo,947,194,153,21,12,0,0,8,0,13054,2015
48,476929.403474365,415009.245695578,Malabo,786,165,137,8,9,2,1,8,0,13054,2016
48,476929.403474365,415009.245695578,Malabo,776,113,79,16,14,0,2,2,0,13054,2017
48,476929.403474365,415009.245695578,Malabo,978,193,107,12,7,62,1,10,0,11420,2018
49,477927.996457758,415009.013678869,Malabo,695,114,87,9,9,4,1,4,0,10886,2015
49,477927.996457758,415009.013678869,Malabo,631,75,50,9,12,1,1,2,0,10886,2016
49,477927.996457758,415009.013678869,Malabo,580,117,70,22,15,0,3,7,0,10886,2017
49,477927.996457758,415009.013678869,Malabo,816,143,71,20,1,70,1,1,0,9281,2018
50,478926.588849404,415008.791953872,Baney,15,0,0,0,0,0,0,0,0,308,2015
50,478926.588849404,415008.791953872,Baney,25,4,3,0,1,0,0,0,0,308,2016
50,478926.588849404,415008.791953872,Baney,3,0,0,0,0,0,0,0,0,308,2017
50,478926.588849404,415008.791953872,Baney,31,7,0,0,0,7,0,0,0,571,2018
51,479925.180766164,415008.580503864,Baney,54,2,1,0,1,0,0,0,0,551,2015
51,479925.180766164,415008.580503864,Baney,63,17,16,0,0,1,0,0,0,551,2016
51,479925.180766164,415008.580503864,Baney,30,5,5,0,0,0,0,0,0,551,2017
51,479925.180766164,415008.580503864,Baney,40,12,3,2,0,6,0,0,0,1012,2018
52,480923.772182807,415008.37927057,Baney,81,40,20,1,4,13,0,2,0,1568,2015
52,480923.772182807,415008.37927057,Baney,99,50,31,0,3,16,0,0,0,1568,2016
52,480923.772182807,415008.37927057,Baney,68,17,12,0,1,3,0,1,0,1568,2017
52,480923.772182807,415008.37927057,Baney,106,10,6,1,0,3,0,0,0,2001,2018
53,481922.363116199,415008.188303862,Baney,3,2,0,1,0,1,0,0,0,53,2015
53,481922.363116199,415008.188303862,Baney,12,6,6,0,0,0,0,0,0,53,2016
53,481922.363116199,415008.188303862,Baney,7,0,0,0,0,0,0,0,0,53,2017
53,481922.363116199,415008.188303862,Baney,10,2,0,0,0,2,0,0,0,69,2018
65,466943.100815818,414018.053070603,Peri,5,1,1,0,0,0,0,0,0,120,2018
66,467941.710749104,414017.719237204,Peri,2,0,0,0,0,0,0,0,0,8,2018
67,468940.319915853,414017.3956206,Peri,52,1,1,0,0,0,0,0,0,316,2015
67,468940.319915853,414017.3956206,Peri,45,10,10,0,0,0,0,0,0,316,2016
67,468940.319915853,414017.3956206,Peri,15,4,4,0,0,0,0,0,0,316,2017
67,468940.319915853,414017.3956206,Peri,15,5,4,0,1,2,0,0,0,473,2018
68,469938.928290876,414017.082278895,Peri,0,0,0,0,0,0,0,0,0,108,2015
68,469938.928290876,414017.082278895,Peri,10,1,0,0,0,0,1,0,0,108,2016
68,469938.928290876,414017.082278895,Peri,9,1,1,0,0,0,0,0,0,108,2017
68,469938.928290876,414017.082278895,Peri,0,0,0,0,0,0,0,0,0,131,2018
69,470937.535940893,414016.779128893,Malabo,51,1,1,0,0,0,0,0,0,484,2015
69,470937.535940893,414016.779128893,Malabo,17,5,5,0,0,0,0,0,0,484,2016
69,470937.535940893,414016.779128893,Malabo,17,7,7,0,0,0,0,0,0,484,2017
69,470937.535940893,414016.779128893,Malabo,58,6,5,1,0,0,0,0,0,501,2018
70,471936.142890911,414016.486228893,Malabo,17,2,2,0,0,0,0,0,0,123,2015
70,471936.142890911,414016.486228893,Malabo,11,1,1,0,0,0,0,0,0,123,2016
70,471936.142890911,414016.486228893,Malabo,8,3,3,0,0,0,0,0,0,123,2017
70,471936.142890911,414016.486228893,Malabo,17,0,0,0,0,0,0,0,0,190,2018
71,472934.749140928,414016.203578891,Malabo,146,24,24,0,0,0,0,0,0,1881,2015
71,472934.749140928,414016.203578891,Malabo,54,14,14,0,0,0,0,0,0,1881,2016
71,472934.749140928,414016.203578891,Malabo,126,31,28,0,1,0,0,2,0,1881,2017
71,472934.749140928,414016.203578891,Malabo,222,31,17,2,0,12,0,0,0,2127,2018
72,473933.354724321,414015.931162181,Malabo,700,151,148,0,1,1,0,1,0,11234,2015
72,473933.354724321,414015.931162181,Malabo,646,140,132,1,5,0,0,2,0,11234,2016
72,473933.354724321,414015.931162181,Malabo,539,99,89,3,5,0,1,1,0,11234,2017
72,473933.354724321,414015.931162181,Malabo,778,138,87,9,4,37,2,4,0,10423,2018
73,474931.959649334,414015.669003884,Malabo,1149,238,179,14,35,0,3,7,0,19485,2015
73,474931.959649334,414015.669003884,Malabo,701,134,105,18,6,0,4,1,0,19485,2016
73,474931.959649334,414015.669003884,Malabo,1034,223,98,56,54,0,4,11,0,19485,2017
73,474931.959649334,414015.669003884,Malabo,1460,258,90,46,43,84,5,6,0,16625,2018
74,475930.563974348,414015.417095588,Malabo,1109,169,136,11,12,1,0,9,0,17457,2015
74,475930.563974348,414015.417095588,Malabo,809,191,155,16,14,1,1,4,0,17457,2016
74,475930.563974348,414015.417095588,Malabo,885,112,100,2,8,0,0,2,0,17457,2017
74,475930.563974348,414015.417095588,Malabo,1098,198,106,9,10,72,3,12,0,16076,2018
75,476929.167724373,414015.175412178,Malabo,705,105,98,3,2,0,0,2,0,15012,2015
75,476929.167724373,414015.175412178,Malabo,669,94,76,6,7,2,0,3,0,15012,2016
75,476929.167724373,414015.175412178,Malabo,606,121,93,12,12,0,1,3,0,15012,2017
75,476929.167724373,414015.175412178,Malabo,745,99,60,14,6,22,0,2,0,13708,2018
76,477927.770907758,414014.943928878,Baney,377,35,28,4,1,1,0,1,0,6008,2015
76,477927.770907758,414014.943928878,Baney,311,61,46,4,9,2,0,0,0,6008,2016
76,477927.770907758,414014.943928878,Baney,238,42,14,2,4,18,1,3,0,6008,2017
76,477927.770907758,414014.943928878,Baney,422,71,23,25,5,22,1,3,0,6229,2018
77,478926.373507775,414014.722728877,Baney,163,30,21,1,3,4,1,0,0,3051,2015
77,478926.373507775,414014.722728877,Baney,184,34,29,0,1,4,0,0,0,3051,2016
77,478926.373507775,414014.722728877,Baney,256,32,23,1,0,6,0,2,0,3051,2017
77,478926.373507775,414014.722728877,Baney,296,44,18,7,5,17,0,1,0,4125,2018
78,479924.975607793,414014.511778876,Baney,29,5,3,0,0,2,0,0,0,313,2015
78,479924.975607793,414014.511778876,Baney,34,7,5,0,0,2,0,0,0,313,2016
78,479924.975607793,414014.511778876,Baney,5,1,0,0,0,1,0,0,0,313,2017
78,479924.975607793,414014.511778876,Baney,9,4,0,2,0,2,0,0,0,526,2018
79,480923.577232813,414014.31103717,Baney,19,0,0,0,0,0,0,0,0,133,2018
93,465944.142832436,413024.319353914,Peri,0,0,0,0,0,0,0,0,0,2,2018
94,466942.763757459,413023.976112208,Peri,42,7,7,0,0,0,0,0,0,572,2015
94,466942.763757459,413023.976112208,Peri,62,15,15,0,0,0,0,0,0,572,2016
94,466942.763757459,413023.976112208,Peri,45,7,5,0,2,0,0,0,0,572,2017
94,466942.763757459,413023.976112208,Peri,64,16,7,1,0,6,0,0,0,757,2018
95,467941.383907465,413023.643045616,Peri,9,0,0,0,0,0,0,0,0,204,2015
95,467941.383907465,413023.643045616,Peri,21,9,9,0,0,0,0,0,0,204,2016
95,467941.383907465,413023.643045616,Peri,27,10,9,0,0,0,1,0,0,204,2017
95,467941.383907465,413023.643045616,Peri,40,5,1,0,0,4,0,0,0,331,2018
96,468940.003265865,413023.3202372,Peri,0,0,0,0,0,0,0,0,0,30,2018
97,469938.621832505,413023.007603909,Peri,3,0,0,0,0,0,0,0,0,24,2018
98,470937.239657528,413022.705212203,Malabo,13,1,1,0,0,0,0,0,0,142,2015
98,470937.239657528,413022.705212203,Malabo,6,1,0,0,0,0,1,0,0,142,2016
98,470937.239657528,413022.705212203,Malabo,10,7,7,0,0,0,0,0,0,142,2017
98,470937.239657528,413022.705212203,Malabo,18,5,2,0,0,3,0,0,0,214,2018
99,471935.856799283,413022.413003896,Malabo,78,10,10,0,0,0,0,0,0,1236,2015
99,471935.856799283,413022.413003896,Malabo,53,15,15,0,0,0,0,0,0,1236,2016
99,471935.856799283,413022.413003896,Malabo,105,36,35,1,0,0,0,0,0,1236,2017
99,471935.856799283,413022.413003896,Malabo,138,42,27,0,0,18,0,0,0,1432,2018
100,472934.473215933,413022.131037195,Malabo,35,8,8,0,0,0,0,0,0,136,2015
100,472934.473215933,413022.131037195,Malabo,5,1,1,0,0,0,0,0,0,136,2016
100,472934.473215933,413022.131037195,Malabo,18,2,2,0,0,0,0,0,0,136,2017
100,472934.473215933,413022.131037195,Malabo,27,4,0,0,0,4,0,0,0,536,2018
101,473933.088965942,413021.859270603,Malabo,457,112,100,1,10,0,1,0,0,6916,2015
101,473933.088965942,413021.859270603,Malabo,473,121,104,2,11,2,0,2,0,6916,2016
101,473933.088965942,413021.859270603,Malabo,345,65,59,1,3,0,1,1,0,6916,2017
101,473933.088965942,413021.859270603,Malabo,396,58,49,0,1,8,0,0,0,7411,2018
102,474931.704107706,413021.597728889,Malabo,791,162,145,8,4,1,0,4,0,13462,2015
102,474931.704107706,413021.597728889,Malabo,640,128,103,6,12,0,2,5,0,13462,2016
102,474931.704107706,413021.597728889,Malabo,711,159,121,17,9,0,3,9,0,13462,2017
102,474931.704107706,413021.597728889,Malabo,906,140,66,15,8,53,2,9,0,12493,2018
103,475930.31859936,413021.346420483,Malabo,801,125,97,16,9,1,2,0,0,15397,2015
103,475930.31859936,413021.346420483,Malabo,1039,180,108,42,18,4,4,3,1,15397,2016
103,475930.31859936,413021.346420483,Malabo,793,170,114,32,17,0,4,3,0,15397,2017
103,475930.31859936,413021.346420483,Malabo,929,176,106,25,12,36,7,0,0,15624,2018
104,476928.93249937,413021.105303891,Malabo,238,48,36,1,8,0,0,3,0,4531,2015
104,476928.93249937,413021.105303891,Malabo,275,62,44,6,11,0,0,0,1,4531,2016
104,476928.93249937,413021.105303891,Malabo,185,22,16,0,6,0,0,0,0,4531,2017
104,476928.93249937,413021.105303891,Malabo,284,70,40,4,0,25,0,0,0,5486,2018
105,477927.545849387,413020.87440389,Baney,46,1,1,0,0,0,0,0,0,481,2015
105,477927.545849387,413020.87440389,Baney,35,10,6,0,1,3,0,0,0,481,2016
105,477927.545849387,413020.87440389,Baney,146,30,23,5,2,0,0,0,0,481,2017
105,477927.545849387,413020.87440389,Baney,190,37,27,0,2,9,0,0,0,2437,2018
106,478926.158657776,413020.653728886,Baney,275,56,24,0,3,26,3,0,0,3320,2015
106,478926.158657776,413020.653728886,Baney,183,43,36,0,1,5,1,0,0,3320,2016
106,478926.158657776,413020.653728886,Baney,209,38,24,1,1,11,1,0,0,3320,2017
106,478926.158657776,413020.653728886,Baney,305,55,27,9,2,19,3,1,0,5145,2018
107,479924.770941168,413020.443262176,Baney,46,9,6,0,0,3,0,0,0,574,2015
107,479924.770941168,413020.443262176,Baney,21,9,9,0,0,0,0,0,0,574,2016
107,479924.770941168,413020.443262176,Baney,7,3,2,0,0,1,0,0,0,574,2017
107,479924.770941168,413020.443262176,Baney,34,8,3,0,2,2,2,2,0,663,2018
108,480923.382732807,413020.242970588,Baney,0,0,0,0,0,0,0,0,0,17,2018
109,481921.994041203,413020.052962175,Baney,3,0,0,0,0,0,0,0,0,70,2015
109,481921.994041203,413020.052962175,Baney,11,4,0,0,0,4,0,0,0,70,2016
109,481921.994041203,413020.052962175,Baney,15,0,0,0,0,0,0,0,0,70,2017
109,481921.994041203,413020.052962175,Baney,19,7,0,2,0,0,2,5,0,126,2018
118,490909.4789081,413018.802362165,Baney,0,0,0,0,0,0,0,0,0,5,2018
122,464945.164524047,412030.59437893,Peri,1,1,1,0,0,0,0,0,0,25,2015
122,464945.164524047,412030.59437893,Peri,3,2,1,0,0,0,1,0,0,25,2016
122,464945.164524047,412030.59437893,Peri,0,0,0,0,0,0,0,0,0,25,2017
122,464945.164524047,412030.59437893,Peri,0,0,0,0,0,0,0,0,0,26,2018
124,466942.427549088,412029.899337222,Peri,22,1,1,0,0,0,0,0,0,95,2015
124,466942.427549088,412029.899337222,Peri,31,1,1,0,0,0,0,0,0,95,2016
124,466942.427549088,412029.899337222,Peri,20,0,0,0,0,0,0,0,0,95,2017
124,466942.427549088,412029.899337222,Peri,23,1,0,0,0,1,0,0,0,201,2018
125,467941.057865848,412029.56708721,Peri,101,32,23,1,0,17,2,2,0,962,2018
126,468939.687357494,412029.245012214,Peri,69,4,4,0,0,0,0,0,0,301,2015
126,468939.687357494,412029.245012214,Peri,25,3,3,0,0,0,0,0,0,301,2016
126,468939.687357494,412029.245012214,Peri,21,6,5,0,0,0,1,0,0,301,2017
126,468939.687357494,412029.245012214,Peri,95,29,15,0,0,30,0,1,0,442,2018
127,469938.316090877,412028.933128913,Peri,0,0,0,0,0,0,0,0,0,34,2015
127,469938.316090877,412028.933128913,Peri,0,0,0,0,0,0,0,0,0,34,2016
127,469938.316090877,412028.933128913,Peri,3,0,0,0,0,0,0,0,0,34,2017
127,469938.316090877,412028.933128913,Peri,8,1,0,0,0,1,0,0,0,72,2018
128,470936.944090895,412028.631478911,Malabo,20,3,1,2,0,0,0,0,0,93,2015
128,470936.944090895,412028.631478911,Malabo,5,0,0,0,0,0,0,0,0,93,2016
128,470936.944090895,412028.631478911,Malabo,22,3,3,0,0,0,0,0,0,93,2017
128,470936.944090895,412028.631478911,Malabo,37,2,0,0,1,0,0,0,0,338,2018
129,471935.571365917,412028.339987205,Malabo,156,28,2,19,6,0,0,1,0,2729,2015
129,471935.571365917,412028.339987205,Malabo,114,33,12,10,7,0,4,0,0,2729,2016
129,471935.571365917,412028.339987205,Malabo,61,11,2,1,6,0,2,0,0,2729,2017
129,471935.571365917,412028.339987205,Malabo,176,22,11,4,2,4,0,1,0,3795,2018
130,472934.197940929,412028.058678909,Malabo,266,36,21,0,13,0,0,2,0,3833,2015
130,472934.197940929,412028.058678909,Malabo,195,41,28,0,8,1,3,1,0,3833,2016
130,472934.197940929,412028.058678909,Malabo,138,28,18,6,4,0,0,0,0,3833,2017
130,472934.197940929,412028.058678909,Malabo,346,52,17,8,2,28,1,1,0,5281,2018
131,473932.823849327,412027.787620494,Malabo,261,39,26,3,9,0,1,0,0,4216,2015
131,473932.823849327,412027.787620494,Malabo,265,69,42,8,16,0,1,2,0,4216,2016
131,473932.823849327,412027.787620494,Malabo,219,39,22,9,7,0,1,0,0,4216,2017
131,473932.823849327,412027.787620494,Malabo,314,50,30,2,1,13,1,5,0,4624,2018
132,474931.449140964,412027.526678906,Malabo,141,25,24,0,0,0,0,1,0,2600,2015
132,474931.449140964,412027.526678906,Malabo,181,50,41,2,4,0,3,0,0,2600,2016
132,474931.449140964,412027.526678906,Malabo,205,47,44,1,2,0,0,0,0,2600,2017
132,474931.449140964,412027.526678906,Malabo,317,71,48,3,0,26,0,1,0,5136,2018
133,475930.073807724,412027.275928896,Malabo,190,42,41,0,1,0,0,0,0,3624,2015
133,475930.073807724,412027.275928896,Malabo,294,53,49,1,1,0,0,2,0,3624,2016
133,475930.073807724,412027.275928896,Malabo,251,33,25,0,3,0,0,5,0,3624,2017
133,475930.073807724,412027.275928896,Malabo,408,50,36,1,0,11,1,1,0,5110,2018
134,476928.69784937,412027.035403899,Malabo,29,4,0,3,0,0,0,1,0,508,2015
134,476928.69784937,412027.035403899,Malabo,17,2,2,0,0,0,0,0,0,508,2016
134,476928.69784937,412027.035403899,Malabo,41,6,2,2,2,0,0,0,0,508,2017
134,476928.69784937,412027.035403899,Malabo,67,10,7,0,0,3,0,0,0,880,2018
135,477927.321357767,412026.805095486,Baney,0,0,0,0,0,0,0,0,0,84,2018
136,478925.944307776,412026.584928894,Baney,54,13,4,0,0,7,1,1,0,885,2015
136,478925.944307776,412026.584928894,Baney,42,2,1,0,0,1,0,0,0,885,2016
136,478925.944307776,412026.584928894,Baney,59,17,1,1,0,15,0,0,0,885,2017
136,478925.944307776,412026.584928894,Baney,68,6,4,1,0,1,0,0,0,1272,2018
137,479924.566749422,412026.374953897,Baney,5,0,0,0,0,0,0,0,0,280,2015
137,479924.566749422,412026.374953897,Baney,16,12,8,0,0,4,0,0,0,280,2016
137,479924.566749422,412026.374953897,Baney,6,5,0,0,0,5,0,0,0,280,2017
137,479924.566749422,412026.374953897,Baney,0,0,0,0,0,0,0,0,0,519,2018
138,480923.188741186,412026.175162185,Baney,181,3,2,0,0,1,0,0,0,615,2015
138,480923.188741186,412026.175162185,Baney,66,8,1,0,3,2,1,1,0,615,2016
138,480923.188741186,412026.175162185,Baney,66,12,1,1,0,10,0,0,0,615,2017
138,480923.188741186,412026.175162185,Baney,63,16,0,7,2,9,0,0,0,593,2018
139,481921.810207828,412025.985578892,Baney,582,161,19,0,17,116,0,8,1,2731,2015
139,481921.810207828,412025.985578892,Baney,218,44,4,2,5,33,0,0,0,2731,2016
139,481921.810207828,412025.985578892,Baney,225,22,4,1,3,13,0,1,0,2731,2017
139,481921.810207828,412025.985578892,Baney,273,43,11,8,6,22,1,0,0,2760,2018
148,490909.386449726,412024.737970585,Baney,27,16,7,3,1,18,0,0,0,252,2018
153,464944.808857426,411036.516162228,Peri,198,16,8,2,3,1,0,2,0,2028,2015
153,464944.808857426,411036.516162228,Peri,226,21,12,2,5,1,1,0,0,2028,2016
153,464944.808857426,411036.516162228,Peri,247,18,11,2,3,1,0,1,0,2028,2017
153,464944.808857426,411036.516162228,Peri,304,31,7,2,2,25,0,0,0,2162,2018
154,465943.450949071,411036.164387233,Peri,13,1,1,0,0,0,0,0,0,63,2015
154,465943.450949071,411036.164387233,Peri,3,0,0,0,0,0,0,0,0,63,2016
154,465943.450949071,411036.164387233,Peri,4,0,0,0,0,0,0,0,0,63,2017
154,465943.450949071,411036.164387233,Peri,10,0,0,0,0,0,0,0,0,99,2018
155,466942.092190826,411035.822778925,Peri,52,4,3,0,0,1,0,0,0,225,2015
155,466942.092190826,411035.822778925,Peri,16,7,6,0,1,0,0,0,0,225,2016
155,466942.092190826,411035.822778925,Peri,26,5,4,0,0,0,0,1,0,225,2017
155,466942.092190826,411035.822778925,Peri,28,2,2,0,0,0,0,0,0,241,2018
156,467940.732582483,411035.491320519,Peri,27,4,2,0,0,2,0,0,0,187,2015
156,467940.732582483,411035.491320519,Peri,19,4,4,0,0,0,0,0,0,187,2016
156,467940.732582483,411035.491320519,Peri,26,4,3,0,0,1,0,0,0,187,2017
156,467940.732582483,411035.491320519,Peri,21,1,1,0,0,0,0,0,0,310,2018
157,468939.322382489,411035.110503927,Peri,66,2,2,0,0,0,0,0,0,295,2015
157,468939.322382489,411035.110503927,Peri,13,4,4,0,0,0,0,0,0,295,2016
157,468939.322382489,411035.110503927,Peri,15,4,4,0,0,0,0,0,0,295,2017
157,468939.322382489,411035.110503927,Peri,84,24,14,2,0,10,0,0,0,530,2018
158,469938.011065883,411034.858887217,Peri,5,0,0,0,0,0,0,0,0,75,2015
158,469938.011065883,411034.858887217,Peri,3,0,0,0,0,0,0,0,0,75,2016
158,469938.011065883,411034.858887217,Peri,1,1,1,0,0,0,0,0,0,75,2017
158,469938.011065883,411034.858887217,Peri,9,1,1,0,0,0,0,0,0,65,2018
159,470936.6492159,411034.557937215,Malabo,39,1,0,0,0,0,0,1,0,486,2015
159,470936.6492159,411034.557937215,Malabo,18,6,6,0,0,0,0,0,0,486,2016
159,470936.6492159,411034.557937215,Malabo,18,2,2,0,0,0,0,0,0,486,2017
159,470936.6492159,411034.557937215,Malabo,59,18,6,13,0,2,0,0,0,681,2018
160,471935.286607546,411034.267162218,Malabo,198,19,15,1,0,0,3,0,0,2573,2015
160,471935.286607546,411034.267162218,Malabo,93,6,1,3,1,0,0,1,0,2573,2016
160,471935.286607546,411034.267162218,Malabo,51,9,6,3,0,0,0,0,0,2573,2017
160,471935.286607546,411034.267162218,Malabo,216,29,6,2,9,11,0,1,0,2775,2018
161,472933.923349301,411033.986553913,Malabo,70,7,7,0,0,0,0,0,0,1065,2015
161,472933.923349301,411033.986553913,Malabo,51,8,4,1,1,2,0,0,0,1065,2016
161,472933.923349301,411033.986553913,Malabo,42,4,0,2,2,0,0,0,0,1065,2017
161,472933.923349301,411033.986553913,Malabo,75,12,5,2,2,4,0,0,0,1242,2018
162,473932.559374323,411033.716112207,Malabo,120,27,27,0,0,0,0,0,0,2095,2015
162,473932.559374323,411033.716112207,Malabo,55,11,10,0,1,0,0,0,0,2095,2016
162,473932.559374323,411033.716112207,Malabo,133,24,18,1,2,0,1,2,0,2095,2017
162,473932.559374323,411033.716112207,Malabo,174,35,22,0,0,15,0,0,0,2115,2018
163,474931.19477434,411033.455812206,Malabo,48,8,5,0,1,0,1,1,0,1051,2015
163,474931.19477434,411033.455812206,Malabo,56,9,8,0,0,0,0,1,0,1051,2016
163,474931.19477434,411033.455812206,Malabo,92,17,17,0,0,0,0,0,0,1051,2017
163,474931.19477434,411033.455812206,Malabo,244,71,51,0,1,19,0,0,0,3657,2018
164,475929.829565986,411033.205687209,Malabo,15,3,3,0,0,0,0,0,0,292,2015
164,475929.829565986,411033.205687209,Malabo,25,3,3,0,0,0,0,0,0,292,2016
164,475929.829565986,411033.205687209,Malabo,44,15,8,2,3,0,1,0,1,292,2017
164,475929.829565986,411033.205687209,Malabo,40,4,3,0,0,1,0,0,0,854,2018
165,476928.463782746,411032.9657372,Malabo,81,60,48,2,6,1,0,3,0,1165,2015
165,476928.463782746,411032.9657372,Malabo,105,13,12,0,0,0,0,1,0,1165,2016
165,476928.463782746,411032.9657372,Malabo,59,16,14,0,1,0,1,0,0,1165,2017
165,476928.463782746,411032.9657372,Malabo,122,33,21,0,0,14,0,0,0,2067,2018
170,481921.626799575,411031.91843719,Baney,160,15,0,0,5,10,0,0,0,732,2015
170,481921.626799575,411031.91843719,Baney,66,15,1,0,1,10,0,3,0,732,2016
170,481921.626799575,411031.91843719,Baney,88,18,2,6,7,2,0,1,0,732,2017
170,481921.626799575,411031.91843719,Peri,77,14,0,0,2,13,1,0,0,819,2018
185,463945.801007409,410042.799262238,Peri,4,0,0,0,0,0,0,0,0,61,2015
185,463945.801007409,410042.799262238,Peri,6,1,1,0,0,0,0,0,0,61,2016
185,463945.801007409,410042.799262238,Peri,0,0,0,0,0,0,0,0,0,61,2017
185,463945.801007409,410042.799262238,Peri,0,0,0,0,0,0,0,0,0,65,2018
189,467940.408082472,410041.415753937,Peri,46,5,4,0,0,1,0,0,0,294,2015
189,467940.408082472,410041.415753937,Peri,50,14,14,0,0,0,0,0,0,294,2016
189,467940.408082472,410041.415753937,Peri,46,10,2,0,4,3,0,1,0,294,2017
189,467940.408082472,410041.415753937,Peri,40,10,1,0,1,8,0,0,0,326,2018
192,470936.3550159,410040.484637224,Peri,0,0,0,0,0,0,0,0,0,3,2018
193,471935.00252429,410040.194562217,Peri,133,25,20,1,0,4,0,0,0,1447,2018
195,473932.295549319,410039.64480392,Peri,20,6,5,1,0,1,0,0,0,37,2018
196,474930.941040973,410039.385145514,Peri,48,10,8,0,0,0,0,1,1,603,2015
196,474930.941040973,410039.385145514,Peri,35,2,1,0,1,0,0,0,0,603,2016
196,474930.941040973,410039.385145514,Peri,57,4,4,0,0,0,0,0,0,603,2017
196,474930.941040973,410039.385145514,Peri,79,12,10,2,0,0,0,0,0,874,2018
197,475929.585957726,410039.135628914,Peri,18,5,4,0,0,0,0,0,0,36,2018
198,476928.230249379,410038.896270508,Peri,0,0,0,0,0,0,0,0,0,17,2015
198,476928.230249379,410038.896270508,Peri,0,0,0,0,0,0,0,0,0,17,2016
198,476928.230249379,410038.896270508,Peri,0,0,0,0,0,0,0,0,0,17,2017
198,476928.230249379,410038.896270508,Peri,1,0,0,0,0,0,0,0,0,70,2018
199,477926.873974392,410038.667012212,Peri,0,0,0,0,0,0,0,0,0,80,2015
199,477926.873974392,410038.667012212,Peri,3,0,0,0,0,0,0,0,0,80,2016
199,477926.873974392,410038.667012212,Peri,0,0,0,0,0,0,0,0,0,80,2017
199,477926.873974392,410038.667012212,Peri,4,3,3,0,0,0,0,0,0,9,2018
207,485916.00646627,410037.198203904,Baney,23,0,0,0,0,0,0,0,0,195,2015
207,485916.00646627,410037.198203904,Baney,24,0,0,0,0,0,0,0,0,195,2016
207,485916.00646627,410037.198203904,Baney,24,1,0,0,0,1,0,0,0,195,2017
207,485916.00646627,410037.198203904,Baney,16,2,0,0,0,2,0,0,0,198,2018
211,489910.563608084,410036.707212192,Baney,6,2,1,0,0,0,0,1,0,61,2015
211,489910.563608084,410036.707212192,Baney,0,0,0,0,0,0,0,0,0,61,2016
211,489910.563608084,410036.707212192,Baney,13,5,0,0,2,3,0,0,0,61,2017
211,489910.563608084,410036.707212192,Baney,12,1,0,0,0,0,0,0,0,62,2018
212,490909.202208101,410036.609812192,Baney,0,0,0,0,0,0,0,0,0,9,2015
212,490909.202208101,410036.609812192,Baney,0,0,0,0,0,0,0,0,0,9,2016
212,490909.202208101,410036.609812192,Baney,1,0,0,0,0,0,0,0,0,9,2017
212,490909.202208101,410036.609812192,Baney,0,0,0,0,0,0,0,0,0,4,2018
217,461948.108065639,409049.471370557,Peri,0,0,0,0,0,0,0,0,0,10,2015
217,461948.108065639,409049.471370557,Peri,1,0,0,0,0,0,0,0,0,10,2016
217,461948.108065639,409049.471370557,Peri,0,0,0,0,0,0,0,0,0,10,2017
217,461948.108065639,409049.471370557,Peri,3,0,0,0,0,0,0,0,0,10,2018
218,462946.773007393,409049.090912248,Peri,0,0,0,0,0,0,0,0,0,63,2015
218,462946.773007393,409049.090912248,Peri,6,1,1,0,0,0,0,0,0,63,2016
218,462946.773007393,409049.090912248,Peri,2,0,0,0,0,0,0,0,0,63,2017
218,462946.773007393,409049.090912248,Peri,9,2,0,0,0,2,0,0,0,54,2018
219,463945.436990666,409048.720562259,Peri,0,0,0,0,0,0,0,0,0,1,2018
226,470936.061565901,409046.411537232,Peri,0,0,0,0,0,0,0,0,0,35,2018
227,471934.719165919,409046.122137231,Peri,0,0,0,0,0,0,0,0,0,76,2018
230,474930.687932713,409045.314687219,Peri,0,0,0,0,0,0,0,0,0,29,2015
230,474930.687932713,409045.314687219,Peri,0,0,0,0,0,0,0,0,0,29,2016
230,474930.687932713,409045.314687219,Peri,5,4,3,0,0,0,0,1,0,29,2017
230,474930.687932713,409045.314687219,Peri,6,0,0,0,0,0,0,0,0,38,2018
233,477926.651132764,409044.598287216,Peri,0,0,0,0,0,0,0,0,0,67,2015
233,477926.651132764,409044.598287216,Peri,1,0,0,0,0,0,0,0,0,67,2016
233,477926.651132764,409044.598287216,Peri,1,0,0,0,0,0,0,0,0,67,2017
233,477926.651132764,409044.598287216,Peri,4,1,0,1,0,0,0,0,0,43,2018
234,478925.304399413,409044.379720514,Peri,12,1,0,0,0,1,0,0,0,175,2015
234,478925.304399413,409044.379720514,Peri,8,2,0,1,1,0,0,0,0,175,2016
234,478925.304399413,409044.379720514,Peri,17,1,0,0,1,0,0,0,0,175,2017
234,478925.304399413,409044.379720514,Peri,11,0,0,0,0,0,0,0,0,143,2018
244,488911.812808067,409042.750462201,Baney,0,0,0,0,0,0,0,0,0,32,2015
244,488911.812808067,409042.750462201,Baney,3,1,0,0,0,1,0,0,0,32,2016
244,488911.812808067,409042.750462201,Baney,0,0,0,0,0,0,0,0,0,32,2017
244,488911.812808067,409042.750462201,Baney,3,1,0,0,0,1,0,0,0,16,2018
245,489910.461716342,409042.6432205,Baney,335,55,5,2,4,43,0,1,0,3228,2015
245,489910.461716342,409042.6432205,Baney,310,66,13,1,12,37,1,1,1,3228,2016
245,489910.461716342,409042.6432205,Baney,286,80,8,8,7,54,0,3,0,3228,2017
245,489910.461716342,409042.6432205,Baney,413,55,5,3,1,40,0,4,0,3099,2018
246,490909.110408101,409042.546062201,Baney,1,3,1,0,1,0,0,1,0,67,2015
246,490909.110408101,409042.546062201,Baney,11,0,0,0,0,0,0,0,0,67,2016
246,490909.110408101,409042.546062201,Baney,8,1,0,0,0,1,0,0,0,67,2017
246,490909.110408101,409042.546062201,Baney,13,3,1,0,0,2,0,0,0,92,2018
252,461947.724799005,408055.391037264,Peri,1,0,0,0,0,0,0,0,0,38,2015
252,461947.724799005,408055.391037264,Peri,2,1,0,0,0,1,0,0,0,38,2016
252,461947.724799005,408055.391037264,Peri,1,0,0,0,0,0,0,0,0,38,2017
252,461947.724799005,408055.391037264,Peri,10,0,0,0,0,0,0,0,0,39,2018
253,462946.399765657,408055.011520564,Peri,0,0,0,0,0,0,0,0,0,35,2015
253,462946.399765657,408055.011520564,Peri,0,0,0,0,0,0,0,0,0,35,2016
253,462946.399765657,408055.011520564,Peri,1,0,0,0,0,0,0,0,0,35,2017
253,462946.399765657,408055.011520564,Peri,10,6,3,0,0,3,0,0,0,42,2018
263,472933.103474308,408051.771312234,Peri,0,0,0,0,0,0,0,0,0,22,2018
269,478925.092141153,408050.31171222,Peri,0,0,0,0,0,0,0,0,0,5,2015
269,478925.092141153,408050.31171222,Peri,0,0,0,0,0,0,0,0,0,5,2016
269,478925.092141153,408050.31171222,Peri,0,0,0,0,0,0,0,0,0,5,2017
269,478925.092141153,408050.31171222,Peri,0,0,0,0,0,0,0,0,0,6,2018
280,489910.360108085,408048.57941221,Baney,0,0,0,0,0,0,0,0,0,9,2015
280,489910.360108085,408048.57941221,Baney,4,1,0,0,1,0,0,0,0,9,2016
280,489910.360108085,408048.57941221,Baney,0,0,0,0,0,0,0,0,0,9,2017
280,489910.360108085,408048.57941221,Baney,5,5,0,0,0,5,0,0,0,5,2018
287,460948.656465624,407061.699620575,Peri,1,0,0,0,0,0,0,0,0,37,2015
287,460948.656465624,407061.699620575,Peri,17,3,0,1,1,0,0,0,1,37,2016
287,460948.656465624,407061.699620575,Peri,20,3,2,0,1,0,0,0,0,37,2017
287,460948.656465624,407061.699620575,Peri,14,5,0,2,0,3,0,0,0,55,2018
288,461947.342424012,407061.310945568,Peri,15,1,1,0,0,0,0,0,0,165,2015
288,461947.342424012,407061.310945568,Peri,9,0,0,0,0,0,0,0,0,165,2016
288,461947.342424012,407061.310945568,Peri,20,0,0,0,0,0,0,0,0,165,2017
288,461947.342424012,407061.310945568,Peri,32,6,0,0,0,6,0,0,0,136,2018
289,462946.027457395,407060.932312265,Peri,0,0,0,0,0,0,0,0,0,25,2015
289,462946.027457395,407060.932312265,Peri,1,1,0,0,1,0,0,0,0,25,2016
289,462946.027457395,407060.932312265,Peri,0,0,0,0,0,0,0,0,0,25,2017
289,462946.027457395,407060.932312265,Peri,11,2,0,0,0,2,0,0,0,40,2018
317,490908.927508105,407054.419128807,Baney,7,4,1,0,0,3,0,0,0,86,2015
317,490908.927508105,407054.419128807,Baney,5,1,0,0,0,1,0,0,0,86,2016
317,490908.927508105,407054.419128807,Baney,8,0,0,0,0,0,0,0,0,86,2017
317,490908.927508105,407054.419128807,Baney,12,2,0,1,0,1,0,0,0,61,2018
323,459949.568165608,406068.016570585,Peri,58,8,1,2,0,5,0,0,0,247,2015
323,459949.568165608,406068.016570585,Peri,68,1,1,0,0,0,0,0,0,247,2016
323,459949.568165608,406068.016570585,Peri,61,21,1,15,1,4,0,0,0,247,2017
323,459949.568165608,406068.016570585,Peri,66,9,0,1,0,8,0,0,0,217,2018
324,460948.265073997,406067.618795577,Peri,45,2,1,0,0,1,0,0,0,141,2015
324,460948.265073997,406067.618795577,Peri,16,1,1,0,0,0,0,0,0,141,2016
324,460948.265073997,406067.618795577,Peri,22,0,0,0,0,0,0,0,0,141,2017
324,460948.265073997,406067.618795577,Peri,28,4,0,1,0,3,0,0,0,120,2018
325,461946.961024013,406067.231045576,Peri,1,1,0,0,0,1,0,0,0,26,2015
325,461946.961024013,406067.231045576,Peri,0,0,0,0,0,0,0,0,0,26,2016
325,461946.961024013,406067.231045576,Peri,6,0,0,0,0,0,0,0,0,26,2017
325,461946.961024013,406067.231045576,Peri,5,2,0,0,0,3,0,0,0,40,2018
326,462945.656040664,406066.853328875,Peri,1,0,0,0,0,0,0,0,0,9,2018
360,459949.16772398,405073.934945587,Peri,3,0,0,0,0,0,0,0,0,17,2015
360,459949.16772398,405073.934945587,Peri,9,4,1,0,3,0,0,0,0,17,2016
360,459949.16772398,405073.934945587,Peri,0,0,0,0,0,0,0,0,0,17,2017
360,459949.16772398,405073.934945587,Peri,0,0,0,0,0,0,0,0,0,19,2018
391,490908.745483104,405066.29297053,Baney,27,0,0,0,0,0,0,0,0,198,2015
391,490908.745483104,405066.29297053,Baney,18,4,0,0,0,4,0,0,0,198,2016
391,490908.745483104,405066.29297053,Baney,16,1,0,0,0,1,0,0,0,198,2017
391,490908.745483104,405066.29297053,Baney,6,0,0,0,0,0,0,0,0,219,2018
396,458950.050340599,404080.259378898,Peri,5,0,0,0,0,0,0,0,0,16,2018
397,459948.768215609,404079.853520602,Peri,3,0,0,0,0,0,0,0,0,52,2015
397,459948.768215609,404079.853520602,Peri,8,2,0,0,0,2,0,0,0,52,2016
397,459948.768215609,404079.853520602,Peri,4,0,0,0,0,0,0,0,0,52,2017
397,459948.768215609,404079.853520602,Peri,12,3,0,0,0,3,0,0,0,45,2018
428,490908.654808105,404072.230228833,Baney,24,1,0,0,0,1,0,0,0,254,2015
428,490908.654808105,404072.230228833,Baney,40,6,0,0,0,6,0,0,0,254,2016
428,490908.654808105,404072.230228833,Baney,29,13,1,0,0,12,0,0,0,254,2017
428,490908.654808105,404072.230228833,Baney,24,0,0,0,0,0,0,0,0,221,2018
433,458949.641923966,403086.177145606,Peri,7,1,0,0,0,1,0,0,0,17,2018
434,459948.369707251,403085.772312206,Peri,17,6,0,0,0,6,0,0,0,51,2015
434,459948.369707251,403085.772312206,Peri,11,1,0,0,0,1,0,0,0,51,2016
434,459948.369707251,403085.772312206,Peri,8,1,1,0,0,0,0,0,0,51,2017
434,459948.369707251,403085.772312206,Peri,5,3,0,0,0,5,0,0,0,75,2018
435,460947.096515626,403085.377420609,Peri,14,7,5,0,0,2,0,0,0,35,2015
435,460947.096515626,403085.377420609,Peri,8,1,1,0,0,0,0,0,0,35,2016
435,460947.096515626,403085.377420609,Peri,6,0,0,0,0,0,0,0,0,35,2017
435,460947.096515626,403085.377420609,Peri,10,5,0,2,0,3,0,0,0,60,2018
465,490908.564383104,403078.167670547,Baney,22,5,0,0,0,5,0,0,0,140,2015
465,490908.564383104,403078.167670547,Baney,23,9,1,0,0,6,0,2,0,140,2016
465,490908.564383104,403078.167670547,Baney,11,4,1,0,0,3,0,0,0,140,2017
465,490908.564383104,403078.167670547,Baney,27,1,0,0,1,0,0,0,0,106,2018
470,458949.234515608,402092.095137209,Peri,28,0,0,0,0,0,0,0,0,70,2015
470,458949.234515608,402092.095137209,Peri,4,4,2,1,0,0,0,1,0,70,2016
470,458949.234515608,402092.095137209,Peri,13,0,0,0,0,0,0,0,0,70,2017
470,458949.234515608,402092.095137209,Peri,12,1,0,0,0,1,0,0,0,50,2018
471,459947.972223983,402091.691245612,Peri,85,4,1,2,1,0,0,0,0,426,2015
471,459947.972223983,402091.691245612,Peri,93,13,0,0,5,6,0,2,0,426,2016
471,459947.972223983,402091.691245612,Peri,100,13,7,6,0,0,0,0,0,426,2017
471,459947.972223983,402091.691245612,Peri,82,26,1,2,1,24,0,0,0,427,2018
501,489909.755549717,402084.200803852,Baney,21,0,0,0,0,0,0,0,0,168,2015
501,489909.755549717,402084.200803852,Baney,21,5,0,0,1,4,0,0,0,168,2016
501,489909.755549717,402084.200803852,Baney,18,6,2,0,0,4,0,0,0,168,2017
501,489909.755549717,402084.200803852,Baney,16,2,0,2,0,1,0,0,0,184,2018
537,488910.926899701,401090.24355386,Baney,10,3,0,0,0,3,0,0,0,233,2015
537,488910.926899701,401090.24355386,Baney,16,3,0,0,0,3,0,0,0,233,2016
537,488910.926899701,401090.24355386,Baney,30,17,2,0,0,12,0,3,0,233,2017
537,488910.926899701,401090.24355386,Baney,47,16,4,8,0,6,0,0,0,224,2018
573,488910.817399701,400096.181103869,Baney,64,21,3,0,0,17,0,1,0,403,2015
573,488910.817399701,400096.181103869,Baney,57,9,6,0,0,3,0,0,0,403,2016
573,488910.817399701,400096.181103869,Baney,65,16,0,15,0,1,0,0,0,403,2017
573,488910.817399701,400096.181103869,Baney,63,11,1,1,0,8,0,0,0,431,2018
611,456950.057557206,398116.598362252,Peri,3,0,0,0,0,0,0,0,0,9,2018
641,486913.0818913,398108.295195476,Baney,0,0,0,0,0,0,0,0,0,3,2015
641,486913.0818913,398108.295195476,Baney,0,0,0,0,0,0,0,0,0,3,2016
641,486913.0818913,398108.295195476,Baney,0,0,0,0,0,0,0,0,0,3,2017
641,486913.0818913,398108.295195476,Baney,0,0,0,0,0,0,0,0,0,9,2018
642,487911.840699685,398108.171053886,Baney,59,17,1,0,1,15,0,0,0,330,2015
642,487911.840699685,398108.171053886,Baney,30,16,3,0,1,12,0,0,0,330,2016
642,487911.840699685,398108.171053886,Baney,45,15,1,0,0,14,0,0,0,330,2017
642,487911.840699685,398108.171053886,Baney,59,16,0,1,0,15,0,0,0,336,2018
644,456949.635582214,397122.515270554,Luba,1,0,0,0,0,0,0,0,0,25,2015
644,456949.635582214,397122.515270554,Luba,0,0,0,0,0,0,0,0,0,25,2016
644,456949.635582214,397122.515270554,Luba,2,0,0,0,0,0,0,0,0,25,2017
644,456949.635582214,397122.515270554,Luba,4,1,0,0,1,1,0,0,0,21,2018
645,457948.424507223,397122.096712258,Luba,32,13,2,3,0,8,0,0,0,246,2015
645,457948.424507223,397122.096712258,Luba,41,12,1,0,0,10,1,0,0,246,2016
645,457948.424507223,397122.096712258,Luba,51,25,3,0,0,21,0,1,0,246,2017
645,457948.424507223,397122.096712258,Luba,47,17,4,1,1,9,1,1,0,159,2018
706,484915.267966266,396120.4468372,Baney,53,11,2,0,0,9,0,0,0,244,2015
706,484915.267966266,396120.4468372,Baney,22,6,0,0,0,5,1,0,0,244,2016
706,484915.267966266,396120.4468372,Baney,30,10,1,0,0,8,0,1,0,244,2017
706,484915.267966266,396120.4468372,Baney,31,2,0,2,0,1,0,0,0,233,2018
707,485914.046991285,396120.303745493,Baney,4,1,0,0,0,1,0,0,0,66,2015
707,485914.046991285,396120.303745493,Baney,2,2,0,0,0,2,0,0,0,66,2016
707,485914.046991285,396120.303745493,Baney,4,3,0,0,0,3,0,0,0,66,2017
707,485914.046991285,396120.303745493,Baney,3,2,0,1,0,1,0,0,0,86,2018
712,456948.794782216,395134.34967057,Luba,17,8,2,0,0,6,0,0,0,128,2015
712,456948.794782216,395134.34967057,Luba,19,5,0,0,0,5,0,0,0,128,2016
712,456948.794782216,395134.34967057,Luba,30,8,0,0,0,8,0,0,0,128,2017
712,456948.794782216,395134.34967057,Luba,14,0,0,0,0,0,0,0,0,129,2018
713,457947.603248977,395133.933220554,Luba,0,0,0,0,0,0,0,0,0,25,2015
713,457947.603248977,395133.933220554,Luba,10,1,0,0,0,1,0,0,0,25,2016
713,457947.603248977,395133.933220554,Luba,0,0,0,0,0,0,0,0,0,25,2017
713,457947.603248977,395133.933220554,Luba,0,0,0,0,0,0,0,0,0,23,2018
739,483916.331691253,395126.536595503,Baney,3,0,0,0,0,0,0,0,0,22,2015
739,483916.331691253,395126.536595503,Baney,2,0,0,0,0,0,0,0,0,22,2016
739,483916.331691253,395126.536595503,Baney,10,5,0,0,0,5,0,0,0,22,2017
739,483916.331691253,395126.536595503,Baney,4,2,0,1,0,1,0,0,0,41,2018
745,456948.375957209,394140.267162283,Luba,0,0,0,0,0,0,0,0,0,11,2015
745,456948.375957209,394140.267162283,Luba,0,0,0,0,0,0,0,0,0,11,2016
745,456948.375957209,394140.267162283,Luba,0,0,0,0,0,0,0,0,0,11,2017
745,456948.375957209,394140.267162283,Luba,0,0,0,0,0,0,0,0,0,6,2018
746,457947.194140605,394139.851745568,Luba,0,0,0,0,0,0,0,0,0,6,2015
746,457947.194140605,394139.851745568,Luba,0,0,0,0,0,0,0,0,0,6,2016
746,457947.194140605,394139.851745568,Luba,0,0,0,0,0,0,0,0,0,6,2017
746,457947.194140605,394139.851745568,Luba,0,0,0,0,0,0,0,0,0,15,2018
772,483916.175241254,394132.473645511,Baney,32,10,0,0,0,10,0,0,0,144,2015
772,483916.175241254,394132.473645511,Baney,14,5,0,0,0,5,0,0,0,144,2016
772,483916.175241254,394132.473645511,Baney,23,6,1,1,0,4,0,0,0,144,2017
772,483916.175241254,394132.473645511,Baney,31,14,0,8,0,6,0,0,0,165,2018
778,456947.958215597,393146.184853872,Luba,0,0,0,0,0,0,0,0,0,6,2015
778,456947.958215597,393146.184853872,Luba,2,0,0,0,0,0,0,0,0,6,2016
778,456947.958215597,393146.184853872,Luba,1,0,0,0,0,0,0,0,0,6,2017
778,456947.958215597,393146.184853872,Luba,0,0,0,0,0,0,0,0,0,5,2018
779,457946.786082233,393145.770470583,Luba,0,0,0,0,0,0,0,0,0,1,2015
779,457946.786082233,393145.770470583,Luba,0,0,0,0,0,0,0,0,0,1,2016
779,457946.786082233,393145.770470583,Luba,2,1,0,0,0,1,0,0,0,1,2017
779,457946.786082233,393145.770470583,Luba,0,0,0,0,0,0,0,0,0,2,2018
805,483916.019199627,393138.410870516,Baney,5,0,0,0,0,0,0,0,0,36,2015
805,483916.019199627,393138.410870516,Baney,9,1,0,0,0,1,0,0,0,36,2016
805,483916.019199627,393138.410870516,Baney,1,1,0,0,0,1,0,0,0,36,2017
805,483916.019199627,393138.410870516,Baney,16,1,0,0,0,1,0,0,0,31,2018
842,455948.27757383,391158.442745609,Luba,38,9,2,0,0,7,0,0,0,129,2015
842,455948.27757383,391158.442745609,Luba,33,9,1,0,0,8,0,0,0,129,2016
842,455948.27757383,391158.442745609,Luba,19,6,1,0,0,5,0,0,0,129,2017
842,455948.27757383,391158.442745609,Luba,13,0,0,0,0,0,0,0,0,100,2018
872,452951.273173784,390165.680545623,Luba,12,1,0,0,0,1,0,0,0,100,2015
872,452951.273173784,390165.680545623,Luba,4,3,0,0,1,2,0,0,0,100,2016
872,452951.273173784,390165.680545623,Luba,17,2,0,0,0,2,0,0,0,100,2017
872,452951.273173784,390165.680545623,Luba,11,9,0,3,1,5,0,0,0,86,2018
875,455947.853365585,390164.359953896,Luba,0,0,0,0,0,0,0,0,0,15,2018
900,480919.038416211,390156.733503837,Riaba,73,22,2,1,0,17,0,2,0,137,2015
900,480919.038416211,390156.733503837,Riaba,75,20,2,2,0,16,0,0,0,137,2016
900,480919.038416211,390156.733503837,Riaba,62,13,3,3,4,3,0,0,0,137,2017
900,480919.038416211,390156.733503837,Riaba,92,14,0,2,0,11,0,1,0,115,2018
902,482916.715466242,390156.384003836,Baney,0,0,0,0,0,0,0,0,0,38,2015
902,482916.715466242,390156.384003836,Baney,14,3,1,0,0,2,0,0,0,38,2016
902,482916.715466242,390156.384003836,Baney,23,10,1,0,0,9,0,0,0,38,2017
902,482916.715466242,390156.384003836,Baney,15,6,0,0,0,6,0,0,0,54,2018
907,454948.561657196,389170.706778913,Luba,0,0,0,0,0,0,0,0,0,6,2015
907,454948.561657196,389170.706778913,Luba,3,2,0,0,0,2,0,0,0,6,2016
907,454948.561657196,389170.706778913,Luba,3,3,1,0,0,2,0,0,0,6,2017
907,454948.561657196,389170.706778913,Luba,3,3,0,0,0,3,0,0,0,16,2018
932,479920.006332819,389162.858970556,Riaba,53,18,8,0,2,7,0,1,0,123,2015
932,479920.006332819,389162.858970556,Riaba,77,38,4,7,3,21,0,3,0,123,2016
932,479920.006332819,389162.858970556,Riaba,74,15,2,1,2,10,0,0,0,123,2017
932,479920.006332819,389162.858970556,Riaba,123,30,2,3,0,24,0,2,0,98,2018
937,452950.370457166,388177.508828924,Luba,0,0,0,0,0,0,0,0,0,2,2015
937,452950.370457166,388177.508828924,Luba,0,0,0,0,0,0,0,0,0,2,2016
937,452950.370457166,388177.508828924,Luba,0,0,0,0,0,0,0,0,0,2,2017
937,452950.370457166,388177.508828924,Luba,0,0,0,0,0,0,0,0,0,6,2018
1022,477921.674274423,386181.07211217,Riaba,39,16,2,2,5,7,0,0,0,117,2015
1022,477921.674274423,386181.07211217,Riaba,58,25,1,0,0,24,0,0,0,117,2016
1022,477921.674274423,386181.07211217,Riaba,54,33,3,0,1,29,0,0,0,117,2017
1022,477921.674274423,386181.07211217,Riaba,78,11,0,1,0,10,0,0,0,94,2018
1031,455945.748382223,385193.948787234,Luba,0,0,0,0,0,0,0,0,0,2,2018
1032,456944.653990611,385193.533212225,Luba,13,4,1,0,0,3,0,0,0,28,2015
1032,456944.653990611,385193.533212225,Luba,22,16,5,0,0,11,0,0,0,28,2016
1032,456944.653990611,385193.533212225,Luba,35,9,4,0,0,5,0,0,0,28,2017
1032,456944.653990611,385193.533212225,Luba,26,5,2,0,2,2,0,0,0,43,2018
1062,452948.578848811,384201.167670548,Luba,34,2,0,0,0,2,0,0,0,302,2015
1062,452948.578848811,384201.167670548,Luba,39,8,1,0,0,7,0,0,0,302,2016
1062,452948.578848811,384201.167670548,Luba,43,4,3,0,0,1,0,0,0,302,2017
1062,452948.578848811,384201.167670548,Luba,45,11,0,0,1,10,0,0,0,318,2018
1063,453947.497232193,384200.724637246,Luba,1,0,0,0,0,0,0,0,0,38,2018
1064,454946.414482208,384200.291137244,Luba,1,1,0,0,2,0,0,0,0,4,2018
1066,456944.245707245,384199.452645532,Luba,0,0,0,0,0,0,0,0,0,16,2015
1066,456944.245707245,384199.452645532,Luba,9,2,0,0,0,2,0,0,0,16,2016
1066,456944.245707245,384199.452645532,Luba,23,9,1,0,0,8,0,0,0,16,2017
1066,456944.245707245,384199.452645532,Luba,14,6,1,0,2,4,0,0,0,15,2018
1089,479919.049324454,384192.543062183,Riaba,0,0,0,0,0,0,0,0,0,6,2018
1094,441959.845698518,383212.569287311,Luba,0,0,0,0,0,0,0,0,0,5,2018
1095,442958.787631916,383212.023120592,Luba,42,13,5,0,0,7,0,1,0,119,2015
1095,442958.787631916,383212.023120592,Luba,54,27,5,0,0,22,0,0,0,119,2016
1095,442958.787631916,383212.023120592,Luba,59,30,6,0,0,24,0,0,0,119,2017
1095,442958.787631916,383212.023120592,Luba,7,3,2,0,0,2,0,0,0,110,2018
1098,445955.60513196,383210.441470585,Luba,0,0,0,0,0,0,0,0,0,11,2018
1103,450950.274632149,383207.995037257,Luba,0,0,0,0,0,0,0,0,0,2,2015
1103,450950.274632149,383207.995037257,Luba,0,0,0,0,0,0,0,0,0,2,2016
1103,450950.274632149,383207.995037257,Luba,0,0,0,0,0,0,0,0,0,2,2017
1103,450950.274632149,383207.995037257,Luba,0,0,0,0,0,0,0,0,0,4,2018
1104,451949.204798797,383207.534220556,Luba,21,2,1,0,0,1,0,0,0,301,2015
1104,451949.204798797,383207.534220556,Luba,4,2,0,0,0,1,0,1,0,301,2016
1104,451949.204798797,383207.534220556,Luba,23,8,2,0,0,5,1,0,0,301,2017
1104,451949.204798797,383207.534220556,Luba,47,6,2,0,1,4,0,0,0,205,2018
1106,453947.061648827,383206.640970553,Luba,0,0,0,0,0,0,0,0,0,3,2015
1106,453947.061648827,383206.640970553,Luba,2,1,0,0,0,1,0,0,0,3,2016
1106,453947.061648827,383206.640970553,Luba,7,1,0,0,0,1,0,0,0,3,2017
1106,453947.061648827,383206.640970553,Luba,6,0,0,0,0,0,0,0,0,36,2018
1107,454945.988357216,383206.208595544,Luba,39,7,1,0,0,6,0,0,0,101,2015
1107,454945.988357216,383206.208595544,Luba,28,7,0,0,0,7,0,0,0,101,2016
1107,454945.988357216,383206.208595544,Luba,32,3,0,0,0,3,0,0,0,101,2017
1107,454945.988357216,383206.208595544,Luba,31,5,0,0,0,5,0,0,0,100,2018
1115,462937.364124083,383203.090795518,Luba,78,22,2,0,0,20,0,0,0,276,2015
1115,462937.364124083,383203.090795518,Luba,83,30,0,1,0,29,0,0,0,276,2016
1115,462937.364124083,383203.090795518,Luba,44,14,0,1,0,13,0,0,0,276,2017
1115,462937.364124083,383203.090795518,Luba,74,10,0,1,2,7,0,0,0,153,2018
1145,449950.871098769,382214.377170568,Luba,109,48,4,2,0,42,0,0,0,848,2015
1145,449950.871098769,382214.377170568,Luba,115,44,9,1,0,34,0,0,0,848,2016
1145,449950.871098769,382214.377170568,Luba,114,38,8,0,0,28,1,1,0,848,2017
1145,449950.871098769,382214.377170568,Luba,132,33,8,2,2,19,3,0,0,1168,2018
1146,450949.811898783,382213.908070566,Luba,137,27,8,2,0,17,0,0,0,1050,2015
1146,450949.811898783,382213.908070566,Luba,77,26,0,0,6,20,0,0,0,1050,2016
1146,450949.811898783,382213.908070566,Luba,80,21,3,0,0,18,0,0,0,1050,2017
1146,450949.811898783,382213.908070566,Luba,137,20,2,1,1,15,1,0,0,1282,2018
1147,451948.751498799,382213.448420563,Luba,22,14,0,0,1,13,0,0,0,18,2018
1151,455944.498348858,382211.704370557,Luba,9,2,0,0,1,1,0,0,0,20,2018
1153,457942.365165636,382210.889120539,Luba,23,6,0,0,0,6,0,0,0,67,2015
1153,457942.365165636,382210.889120539,Luba,39,15,1,0,0,14,0,0,0,67,2016
1153,457942.365165636,382210.889120539,Luba,20,10,0,0,0,10,0,0,0,67,2017
1153,457942.365165636,382210.889120539,Luba,28,7,1,3,0,5,1,1,0,36,2018
1171,475923.003649398,382205.254120495,Riaba,19,6,0,0,0,6,0,0,0,44,2015
1171,475923.003649398,382205.254120495,Riaba,17,12,1,0,2,9,0,0,0,44,2016
1171,475923.003649398,382205.254120495,Riaba,38,21,8,1,0,12,0,0,0,44,2017
1171,475923.003649398,382205.254120495,Riaba,4,1,0,0,0,1,0,0,0,41,2018
1172,476921.921057787,382205.030895491,Riaba,10,4,1,0,0,3,0,0,0,27,2015
1172,476921.921057787,382205.030895491,Riaba,8,5,1,0,0,4,0,0,0,27,2016
1172,476921.921057787,382205.030895491,Riaba,12,0,0,0,0,0,0,0,0,27,2017
1172,476921.921057787,382205.030895491,Riaba,8,1,0,0,0,0,0,2,0,47,2018
1174,478919.754199443,382204.612870492,Riaba,0,0,0,0,0,0,0,0,0,12,2018
1177,438961.861081859,381226.058620615,Luba,25,0,0,0,0,0,0,0,0,51,2015
1177,438961.861081859,381226.058620615,Luba,26,16,0,0,4,12,0,0,0,51,2016
1177,438961.861081859,381226.058620615,Luba,17,9,0,0,2,7,0,0,0,51,2017
1177,438961.861081859,381226.058620615,Luba,5,1,0,1,0,0,0,0,0,60,2018
1183,444955.630131948,381222.770120602,Luba,198,57,8,1,0,48,0,0,0,602,2015
1183,444955.630131948,381222.770120602,Luba,172,68,5,3,1,58,1,0,0,602,2016
1183,444955.630131948,381222.770120602,Luba,199,75,8,1,1,65,0,0,0,602,2017
1183,444955.630131948,381222.770120602,Luba,314,114,7,7,8,95,0,1,0,597,2018
1189,450949.350398784,381219.821270573,Luba,34,6,0,0,0,6,0,0,0,336,2015
1189,450949.350398784,381219.821270573,Luba,59,25,0,1,0,24,0,0,0,336,2016
1189,450949.350398784,381219.821270573,Luba,46,19,5,0,0,14,0,0,0,336,2017
1189,450949.350398784,381219.821270573,Luba,59,22,0,1,4,17,0,0,0,483,2018
1217,478919.555857817,381210.550145497,Riaba,2,0,0,0,0,0,0,0,0,9,2018
1220,439960.262756884,380231.385628913,Luba,27,26,9,0,0,17,0,0,0,45,2015
1220,439960.262756884,380231.385628913,Luba,37,16,3,0,0,13,0,0,0,45,2016
1220,439960.262756884,380231.385628913,Luba,17,12,0,0,0,12,0,0,0,45,2017
1220,439960.262756884,380231.385628913,Luba,0,0,0,0,0,0,0,0,0,19,2018
1221,440959.235773516,380230.824845627,Luba,17,8,0,4,0,6,0,0,0,38,2018
1238,457941.574707263,380222.73129556,Luba,88,46,3,3,0,40,0,0,0,276,2015
1238,457941.574707263,380222.73129556,Luba,108,58,1,2,3,52,0,0,0,276,2016
1238,457941.574707263,380222.73129556,Luba,68,26,6,1,0,18,0,1,0,276,2017
1238,457941.574707263,380222.73129556,Luba,66,18,0,1,3,16,0,0,0,242,2018
1239,458940.525340658,380222.339878845,Luba,47,8,1,0,0,7,0,0,0,108,2015
1239,458940.525340658,380222.339878845,Luba,51,20,0,0,1,19,0,0,0,108,2016
1239,458940.525340658,380222.339878845,Luba,24,4,0,0,0,4,0,0,0,108,2017
1239,458940.525340658,380222.339878845,Luba,20,7,0,0,2,5,0,0,0,101,2018
1249,468929.979965927,380218.943303814,Riaba,1,1,0,0,0,1,0,0,0,9,2018
1251,470927.860890951,380218.376895519,Riaba,3,3,0,0,0,3,0,0,0,10,2018
1252,471926.800290966,380218.107795518,Riaba,0,0,0,0,0,0,0,0,0,3,2018
1255,474923.614432763,380217.3569538,Riaba,0,0,0,0,0,0,0,0,0,9,2018
1275,451947.398673808,379231.192128879,Luba,3,0,0,0,0,0,0,0,0,12,2018
1282,458940.141040659,379228.262278852,Luba,0,0,0,0,0,0,0,0,0,6,2015
1282,458940.141040659,379228.262278852,Luba,1,0,0,0,0,0,0,0,0,6,2016
1282,458940.141040659,379228.262278852,Luba,1,0,0,0,0,0,0,0,0,6,2017
1282,458940.141040659,379228.262278852,Luba,0,0,0,0,0,0,0,0,0,2,2018
1283,459939.099990673,379227.88127885,Luba,3,0,0,0,0,0,0,0,0,8,2015
1283,459939.099990673,379227.88127885,Luba,0,0,0,0,0,0,0,0,0,8,2016
1283,459939.099990673,379227.88127885,Luba,3,0,0,0,0,0,0,0,0,8,2017
1283,459939.099990673,379227.88127885,Luba,8,0,0,0,0,0,0,0,0,12,2018
1291,467930.738215913,379225.171103823,Riaba,7,3,0,0,0,7,0,0,0,91,2018
1292,468929.689149179,379224.874553831,Riaba,2,1,0,0,0,1,0,0,0,2,2018
1295,471926.537532601,379224.041237115,Riaba,0,0,0,0,0,0,0,0,0,8,2018
1298,474923.379699385,379223.292320518,Riaba,0,0,0,0,0,0,0,0,0,62,2015
1298,474923.379699385,379223.292320518,Riaba,13,8,0,0,5,3,0,0,0,62,2016
1298,474923.379699385,379223.292320518,Riaba,10,1,1,0,0,0,0,0,0,62,2017
1298,474923.379699385,379223.292320518,Riaba,18,9,0,0,0,8,0,1,0,69,2018
1301,477920.216274433,379222.627878808,Riaba,5,4,0,0,0,4,0,0,0,29,2018
1302,478919.160691196,379222.4251788,Riaba,0,0,0,0,0,0,0,0,0,7,2018
1319,452945.925957191,378236.661545584,Luba,2,2,0,0,0,2,0,0,0,28,2015
1319,452945.925957191,378236.661545584,Luba,1,0,0,0,0,0,0,0,0,28,2016
1319,452945.925957191,378236.661545584,Luba,0,0,0,0,0,0,0,0,0,28,2017
1319,452945.925957191,378236.661545584,Luba,5,0,0,0,0,0,0,0,0,18,2018
1326,459938.726015668,378233.804870565,Luba,19,6,0,0,0,6,0,0,0,36,2015
1326,459938.726015668,378233.804870565,Luba,37,21,0,0,0,21,0,0,0,36,2016
1326,459938.726015668,378233.804870565,Luba,28,3,0,0,0,3,0,0,0,36,2017
1326,459938.726015668,378233.804870565,Luba,22,5,0,0,0,5,0,0,0,45,2018
1327,460937.693324069,378233.434262143,Luba,3,1,0,0,0,1,0,0,0,59,2015
1327,460937.693324069,378233.434262143,Luba,4,3,0,0,0,3,0,0,0,59,2016
1327,460937.693324069,378233.434262143,Luba,13,7,3,0,0,4,0,0,0,59,2017
1327,460937.693324069,378233.434262143,Luba,11,0,0,0,0,0,0,0,0,107,2018
1335,468929.399090923,378230.805995536,Riaba,22,9,0,4,0,5,0,0,0,80,2015
1335,468929.399090923,378230.805995536,Riaba,7,4,2,0,0,2,0,0,0,80,2016
1335,468929.399090923,378230.805995536,Riaba,13,7,0,1,1,5,0,0,0,80,2017
1335,468929.399090923,378230.805995536,Riaba,13,4,0,0,3,1,0,0,0,79,2018
1338,471926.275474345,378229.974828821,Riaba,0,0,0,0,0,0,0,0,0,5,2015
1338,471926.275474345,378229.974828821,Riaba,0,0,0,0,0,0,0,0,0,5,2016
1338,471926.275474345,378229.974828821,Riaba,0,0,0,0,0,0,0,0,0,5,2017
1338,471926.275474345,378229.974828821,Riaba,0,0,0,0,0,0,0,0,0,7,2018
1339,472925.232815986,378229.716503825,Riaba,34,15,1,0,0,14,0,0,0,180,2015
1339,472925.232815986,378229.716503825,Riaba,17,9,1,1,1,6,0,0,0,180,2016
1339,472925.232815986,378229.716503825,Riaba,42,21,4,0,0,17,0,0,0,180,2017
1339,472925.232815986,378229.716503825,Riaba,55,14,1,0,0,12,0,1,0,184,2018
1340,473924.189549371,378229.467520527,Riaba,3,0,0,0,0,0,0,0,0,70,2015
1340,473924.189549371,378229.467520527,Riaba,8,5,1,3,0,1,0,0,0,70,2016
1340,473924.189549371,378229.467520527,Riaba,1,0,0,0,0,0,0,0,0,70,2017
1340,473924.189549371,378229.467520527,Riaba,12,4,1,0,0,4,0,0,0,39,2018
1359,449948.528715407,377243.938953903,Luba,21,6,2,0,0,4,0,0,0,375,2015
1359,449948.528715407,377243.938953903,Luba,39,21,3,0,0,18,0,0,0,375,2016
1359,449948.528715407,377243.938953903,Luba,24,16,1,0,1,13,0,1,0,375,2017
1359,449948.528715407,377243.938953903,Luba,16,4,0,2,3,1,0,0,0,251,2018
1361,451946.50267381,377243.022228893,Luba,7,2,0,0,0,2,0,0,0,224,2015
1361,451946.50267381,377243.022228893,Luba,12,8,0,0,0,8,0,0,0,224,2016
1361,451946.50267381,377243.022228893,Luba,12,1,0,0,0,1,0,0,0,224,2017
1361,451946.50267381,377243.022228893,Luba,14,2,0,0,0,2,0,0,0,81,2018
1362,452945.487857207,377242.577862176,Luba,23,2,0,0,0,2,0,0,0,482,2015
1362,452945.487857207,377242.577862176,Luba,32,5,0,0,1,4,0,0,0,482,2016
1362,452945.487857207,377242.577862176,Luba,28,7,1,0,0,6,0,0,0,482,2017
1362,452945.487857207,377242.577862176,Luba,32,4,0,0,4,2,0,0,0,234,2018
1363,453944.471882214,377242.142803881,Luba,0,0,0,0,0,0,0,0,0,2,2018
1378,468929.109782559,377236.737637133,Riaba,15,6,0,0,0,6,0,0,0,104,2015
1378,468929.109782559,377236.737637133,Riaba,27,5,3,0,0,2,0,0,0,104,2016
1378,468929.109782559,377236.737637133,Riaba,14,2,0,0,0,2,0,0,0,104,2017
1378,468929.109782559,377236.737637133,Riaba,35,11,0,0,0,7,0,4,0,81,2018
1380,470927.046715958,377236.175603834,Riaba,13,9,5,0,0,4,0,0,0,40,2015
1380,470927.046715958,377236.175603834,Riaba,4,5,3,0,0,2,0,0,0,40,2016
1380,470927.046715958,377236.175603834,Riaba,0,0,0,0,0,0,0,0,0,40,2017
1381,471926.014065972,377235.908603833,Riaba,6,0,0,0,0,0,0,0,0,66,2015
1381,471926.014065972,377235.908603833,Riaba,13,10,5,0,0,5,0,0,0,66,2016
1381,471926.014065972,377235.908603833,Riaba,13,1,0,0,0,1,0,0,0,66,2017
1381,471926.014065972,377235.908603833,Riaba,3,2,1,0,0,1,0,0,0,100,2018
1420,467929.84240754,376242.963628849,Riaba,0,0,0,0,0,0,0,0,0,24,2015
1420,467929.84240754,376242.963628849,Riaba,3,0,0,0,0,0,0,0,0,24,2016
1420,467929.84240754,376242.963628849,Riaba,3,3,1,0,0,2,0,0,0,24,2017
1420,467929.84240754,376242.963628849,Riaba,5,2,1,0,0,0,0,1,0,3,2018
1422,469927.799357569,376242.384478847,Riaba,14,4,0,0,0,4,0,0,0,58,2015
1422,469927.799357569,376242.384478847,Riaba,18,3,0,0,1,2,0,0,0,58,2016
1422,469927.799357569,376242.384478847,Riaba,0,0,0,0,0,0,0,0,0,58,2017
1422,469927.799357569,376242.384478847,Riaba,9,1,0,0,0,1,0,0,0,54,2018
1423,470926.776740963,376242.108862134,Riaba,56,20,3,1,0,15,0,1,0,301,2015
1423,470926.776740963,376242.108862134,Riaba,41,8,3,0,0,5,0,0,0,301,2016
1423,470926.776740963,376242.108862134,Riaba,62,17,2,1,0,14,0,0,0,301,2017
1423,470926.776740963,376242.108862134,Riaba,87,10,0,0,0,7,0,3,0,281,2018
1424,471925.753365972,376241.84255384,Riaba,3,0,0,0,0,0,0,0,0,29,2015
1424,471925.753365972,376241.84255384,Riaba,0,0,0,0,0,0,0,0,0,29,2016
1424,471925.753365972,376241.84255384,Riaba,0,0,0,0,0,0,0,0,0,29,2017
1424,471925.753365972,376241.84255384,Riaba,6,1,1,0,0,0,0,0,0,46,2018
1462,467929.545382546,375248.894837149,Riaba,0,0,0,0,0,0,0,0,0,10,2015
1462,467929.545382546,375248.894837149,Riaba,0,0,0,0,0,0,0,0,0,10,2016
1462,467929.545382546,375248.894837149,Riaba,1,0,0,0,0,0,0,0,0,10,2017
1462,467929.545382546,375248.894837149,Riaba,0,0,0,0,0,0,0,0,0,8,2018
1465,470926.507457584,375248.042328853,Riaba,1,0,0,0,0,0,0,0,0,15,2015
1465,470926.507457584,375248.042328853,Riaba,2,1,0,0,0,1,0,0,0,15,2016
1465,470926.507457584,375248.042328853,Riaba,1,0,0,0,0,0,0,0,0,15,2017
1465,470926.507457584,375248.042328853,Riaba,0,0,0,0,0,0,0,0,0,16,2018
1468,473923.463099372,375247.273370549,Riaba,0,0,0,0,0,0,0,0,0,35,2015
1468,473923.463099372,375247.273370549,Riaba,11,4,0,0,0,4,0,0,0,35,2016
1468,473923.463099372,375247.273370549,Riaba,2,1,0,0,0,1,0,0,0,35,2017
1468,473923.463099372,375247.273370549,Riaba,2,1,0,0,0,1,0,0,0,40,2018
1508,472924.228465988,374253.455453853,Riaba,23,4,1,0,0,3,0,0,0,109,2015
1508,472924.228465988,374253.455453853,Riaba,10,5,1,0,0,4,0,0,0,109,2016
1508,472924.228465988,374253.455453853,Riaba,15,2,1,0,0,1,0,0,0,109,2017
1508,472924.228465988,374253.455453853,Riaba,42,11,9,0,0,2,1,0,0,145,2018
1509,473923.222224385,374253.209095433,Riaba,49,16,7,1,0,8,0,0,0,355,2015
1509,473923.222224385,374253.209095433,Riaba,51,29,11,0,2,16,0,0,0,355,2016
1509,473923.222224385,374253.209095433,Riaba,60,15,5,0,1,9,0,0,0,355,2017
1509,473923.222224385,374253.209095433,Riaba,68,15,5,1,0,7,0,2,0,326,2018
1548,473922.981991007,373259.144962151,Riaba,1,0,0,0,0,0,0,0,0,1,2018
1616,461934.198407469,371274.556645477,Moka,0,0,0,0,0,0,0,0,0,2,2015
1616,461934.198407469,371274.556645477,Moka,1,1,0,0,0,1,0,0,0,2,2016
1616,461934.198407469,371274.556645477,Moka,5,0,0,0,0,0,0,0,0,2,2017
1616,461934.198407469,371274.556645477,Moka,1,0,0,0,0,0,0,0,0,11,2018
1617,462933.228390733,371274.211145487,Moka,0,0,0,0,0,0,0,0,0,4,2015
1617,462933.228390733,371274.211145487,Moka,0,0,0,0,0,0,0,0,0,4,2016
1617,462933.228390733,371274.211145487,Moka,0,0,0,0,0,0,0,0,0,4,2017
1617,462933.228390733,371274.211145487,Moka,1,0,0,0,0,0,0,0,0,3,2018
1628,473922.503449383,371271.017237162,Riaba,0,0,0,0,0,0,0,0,0,36,2015
1628,473922.503449383,371271.017237162,Riaba,2,2,1,0,0,1,0,0,0,36,2016
1628,473922.503449383,371271.017237162,Riaba,4,4,1,0,0,3,0,0,0,36,2017
1628,473922.503449383,371271.017237162,Riaba,1,1,0,1,0,0,0,0,0,26,2018
1656,461933.850515714,370280.483637204,Moka,116,32,0,0,2,30,0,0,0,398,2015
1656,461933.850515714,370280.483637204,Moka,151,70,3,0,6,61,0,0,0,398,2016
1656,461933.850515714,370280.483637204,Moka,135,47,9,0,0,38,0,0,0,398,2017
1656,461933.850515714,370280.483637204,Moka,190,47,7,3,7,35,1,0,0,306,2018
1657,462932.889657484,370280.139045483,Moka,64,29,2,0,6,21,0,0,0,218,2015
1657,462932.889657484,370280.139045483,Moka,103,31,4,0,2,25,0,0,0,218,2016
1657,462932.889657484,370280.139045483,Moka,88,24,4,0,0,19,0,1,0,218,2017
1657,462932.889657484,370280.139045483,Moka,98,36,1,5,1,24,1,3,1,165,2018
1697,462932.551790735,369286.067145501,Moka,28,18,2,0,1,15,0,0,0,58,2015
1697,462932.551790735,369286.067145501,Moka,16,10,4,0,0,6,0,0,0,58,2016
1697,462932.551790735,369286.067145501,Moka,3,4,0,0,1,3,0,0,0,58,2017
1697,462932.551790735,369286.067145501,Moka,18,8,0,0,2,4,2,0,0,29,2018
1704,469925.865240962,369283.917528768,Riaba,34,16,6,0,0,9,0,1,0,106,2015
1704,469925.865240962,369283.917528768,Riaba,33,9,1,0,0,8,0,0,0,106,2016
1704,469925.865240962,369283.917528768,Riaba,15,3,3,0,0,0,0,0,0,106,2017
1704,469925.865240962,369283.917528768,Riaba,14,0,0,0,0,0,0,0,0,151,2018
1784,470924.378990976,367295.51667878,Riaba,0,0,0,0,0,0,0,0,0,53,2015
1784,470924.378990976,367295.51667878,Riaba,10,6,0,0,0,6,0,0,0,53,2016
1784,470924.378990976,367295.51667878,Riaba,5,2,1,0,0,1,0,0,0,53,2017
1784,470924.378990976,367295.51667878,Riaba,12,1,0,0,0,1,0,1,0,29,2018
1785,471923.438015986,367295.256670488,Riaba,0,0,0,0,0,0,0,0,0,1,2015
1785,471923.438015986,367295.256670488,Riaba,0,0,0,0,0,0,0,0,0,1,2016
1785,471923.438015986,367295.256670488,Riaba,1,0,0,0,0,0,0,0,0,1,2017
1785,471923.438015986,367295.256670488,Riaba,0,0,0,0,0,0,0,0,0,11,2018
2010,453937.35447388,360342.76726217,Ureka,2,0,0,0,0,0,0,0,0,12,2018
2034,453936.945973882,359348.687962177,Ureka,8,1,0,0,0,1,0,0,0,64,2015
2034,453936.945973882,359348.687962177,Ureka,3,0,0,0,0,0,0,0,0,64,2016
2034,453936.945973882,359348.687962177,Ureka,7,4,0,0,2,2,0,0,0,64,2017
2034,453936.945973882,359348.687962177,Ureka,0,0,0,0,0,0,0,0,0,42,2018
